Designator,Mid X,Mid Y,Rotation,Layer
C1,32.25,-104.75,0.0,bottom
C10,46.75,-104.25,270.0,bottom
C100,200.8,-158.95,180.0,bottom
C101,219.85,-158.95,180.0,bottom
C102,238.9,-158.95,180.0,bottom
C103,257.95,-158.95,180.0,bottom
C104,277.0,-158.95,180.0,bottom
C105,296.05,-158.95,180.0,bottom
C106,324.625,-158.95,180.0,bottom
C107,353.2,-158.95,180.0,bottom
C108,88.88125,-178.0,180.0,bottom
C109,112.69375,-178.0,180.0,bottom
C11,39.999,-103.056266,90.0,bottom
C110,136.50625,-178.0,180.0,bottom
C111,207.94375,-178.0,180.0,bottom
C112,277.0,-178.0,180.0,bottom
C113,296.05,-178.0,180.0,bottom
C114,315.1,-178.0,180.0,bottom
C115,334.15,-178.0,180.0,bottom
C116,353.2,-178.0,180.0,bottom
C117,372.25,-178.0,180.0,bottom
C118,371.75,-104.5,0.0,bottom
C12,40.5,-98.25,270.0,bottom
C13,44.75,-98.75,180.0,bottom
C14,39.75,-91.5,0.0,bottom
C15,57.5,-103.25,90.0,bottom
C16,52.5,-104.25,270.0,bottom
C17,359.75,-130.5,90.0,bottom
C18,360.75,-130.5,90.0,bottom
C19,361.75,-130.5,90.0,bottom
C2,51.0,-94.75,90.0,bottom
C20,275.8,-130.5,90.0,bottom
C21,276.8,-130.5,90.0,bottom
C22,277.8,-130.5,90.0,bottom
C23,218.65,-130.5,90.0,bottom
C24,219.65,-130.5,90.0,bottom
C25,220.65,-130.5,90.0,bottom
C26,161.5,-130.5,90.0,bottom
C27,162.5,-130.5,90.0,bottom
C28,163.5,-130.5,90.0,bottom
C29,104.351,-130.5,90.0,bottom
C3,57.0,-99.5,180.0,bottom
C30,103.351,-130.5,90.0,bottom
C31,102.351,-130.5,90.0,bottom
C32,58.5,-103.25,90.0,bottom
C33,59.5,-103.25,90.0,bottom
C34,60.5,-103.25,90.0,bottom
C35,64.5,-103.75,180.0,bottom
C36,64.5,-106.25,180.0,bottom
C37,61.25,-113.75,180.0,bottom
C38,47.5,-88.0,180.0,bottom
C39,59.5,-88.0,180.0,bottom
C4,54.0,-99.0,270.0,bottom
C40,86.5,-77.75,180.0,bottom
C41,115.075,-77.75,180.0,bottom
C42,134.125,-77.75,180.0,bottom
C43,153.175,-77.75,180.0,bottom
C44,172.225,-77.75,180.0,bottom
C45,200.8,-77.75,180.0,bottom
C46,219.85,-77.75,180.0,bottom
C47,238.9,-77.75,180.0,bottom
C48,257.95,-77.75,180.0,bottom
C49,286.525,-77.75,180.0,bottom
C5,52.75,-99.0,270.0,bottom
C50,305.575,-77.75,180.0,bottom
C51,324.625,-77.75,180.0,bottom
C52,343.675,-77.75,180.0,bottom
C53,372.25,-77.75,180.0,bottom
C54,86.5,-101.8,180.0,bottom
C55,105.55,-101.8,180.0,bottom
C56,124.6,-101.8,180.0,bottom
C57,143.65,-101.8,180.0,bottom
C58,162.7,-101.8,180.0,bottom
C59,181.75,-101.8,180.0,bottom
C6,45.75,-106.25,90.0,bottom
C60,200.8,-101.8,180.0,bottom
C61,219.85,-101.8,180.0,bottom
C62,238.9,-101.8,180.0,bottom
C63,257.95,-101.8,180.0,bottom
C64,277.0,-101.8,180.0,bottom
C65,296.05,-101.8,180.0,bottom
C66,315.1,-101.8,180.0,bottom
C67,343.675,-101.8,180.0,bottom
C68,91.2625,-120.85,180.0,bottom
C69,115.075,-120.85,180.0,bottom
C7,36.751727,-178.790583,0.0,bottom
C70,134.125,-120.85,180.0,bottom
C71,153.175,-120.85,180.0,bottom
C72,172.225,-120.85,180.0,bottom
C73,191.275,-120.85,180.0,bottom
C74,210.325,-120.85,180.0,bottom
C75,229.375,-120.85,180.0,bottom
C76,248.425,-120.85,180.0,bottom
C77,267.475,-120.85,180.0,bottom
C78,286.525,-120.85,180.0,bottom
C79,305.575,-120.85,180.0,bottom
C8,36.751727,-179.790583,0.0,bottom
C80,324.625,-120.85,180.0,bottom
C81,348.4375,-120.85,180.0,bottom
C82,87.75,-140.0,0.0,bottom
C83,119.8375,-139.9,180.0,bottom
C84,138.8875,-139.9,180.0,bottom
C85,152.0,-140.0,0.0,bottom
C86,176.9875,-139.9,180.0,bottom
C87,196.0375,-139.9,180.0,bottom
C88,209.25,-140.0,0.0,bottom
C89,234.1375,-139.9,180.0,bottom
C9,36.751727,-180.790583,0.0,bottom
C90,253.1875,-139.9,180.0,bottom
C91,266.25,-140.0,0.0,bottom
C92,291.2875,-139.9,180.0,bottom
C93,310.3375,-139.9,180.0,bottom
C94,341.29375,-139.9,180.0,bottom
C95,96.025,-158.95,180.0,bottom
C96,124.6,-158.95,180.0,bottom
C97,143.65,-158.95,180.0,bottom
C98,162.7,-158.95,180.0,bottom
C99,181.75,-158.95,180.0,bottom
D1,36.0,-90.25,90.0,bottom
D2,52.25,-81.0,270.0,bottom
J1,49.0,-75.5,180.0,bottom
L1,44.35,-108.75,180.0,bottom
LED1,58.25,-111.75,0.0,bottom
LED10,216.875,-75.6375,0.0,bottom
LED11,235.925,-75.6375,0.0,bottom
LED12,254.975,-75.6375,0.0,bottom
LED13,283.55,-75.6375,0.0,bottom
LED14,302.6,-75.6375,0.0,bottom
LED15,321.65,-75.6375,0.0,bottom
LED16,340.7,-75.6375,0.0,bottom
LED17,369.275,-75.6375,0.0,bottom
LED18,83.525,-99.6875,0.0,bottom
LED19,102.575,-99.6875,0.0,bottom
LED2,43.0,-87.1,0.0,bottom
LED20,121.625,-99.6875,0.0,bottom
LED21,140.675,-99.6875,0.0,bottom
LED22,159.725,-99.6875,0.0,bottom
LED23,178.775,-99.6875,0.0,bottom
LED24,197.825,-99.6875,0.0,bottom
LED25,216.875,-99.6875,0.0,bottom
LED26,235.925,-99.6875,0.0,bottom
LED27,254.975,-99.6875,0.0,bottom
LED28,274.025,-99.6875,0.0,bottom
LED29,293.075,-99.6875,0.0,bottom
LED3,55.0,-87.1,0.0,bottom
LED30,312.125,-99.6875,0.0,bottom
LED31,340.7,-99.6875,0.0,bottom
LED32,88.2875,-118.7375,0.0,bottom
LED33,112.1,-118.7375,0.0,bottom
LED34,131.15,-118.7375,0.0,bottom
LED35,150.2,-118.7375,0.0,bottom
LED36,169.25,-118.7375,0.0,bottom
LED37,188.3,-118.7375,0.0,bottom
LED38,207.35,-118.7375,0.0,bottom
LED39,226.4,-118.7375,0.0,bottom
LED4,83.525,-75.6375,0.0,bottom
LED40,245.45,-118.7375,0.0,bottom
LED41,264.5,-118.7375,0.0,bottom
LED42,283.55,-118.7375,0.0,bottom
LED43,302.6,-118.7375,0.0,bottom
LED44,321.65,-118.7375,0.0,bottom
LED45,345.4625,-118.7375,0.0,bottom
LED46,90.66875,-137.7875,0.0,bottom
LED47,116.8625,-137.7875,0.0,bottom
LED48,135.9125,-137.7875,0.0,bottom
LED49,154.9625,-137.7875,0.0,bottom
LED5,112.1,-75.6375,0.0,bottom
LED50,174.0125,-137.7875,0.0,bottom
LED51,193.0625,-137.7875,0.0,bottom
LED52,212.1125,-137.7875,0.0,bottom
LED53,231.1625,-137.7875,0.0,bottom
LED54,250.2125,-137.7875,0.0,bottom
LED55,269.2625,-137.7875,0.0,bottom
LED56,288.3125,-137.7875,0.0,bottom
LED57,307.3625,-137.7875,0.0,bottom
LED58,338.31875,-137.7875,0.0,bottom
LED59,93.05,-156.8375,0.0,bottom
LED6,131.15,-75.6375,0.0,bottom
LED60,121.625,-156.8375,0.0,bottom
LED61,140.675,-156.8375,0.0,bottom
LED62,159.725,-156.8375,0.0,bottom
LED63,178.775,-156.8375,0.0,bottom
LED64,197.825,-156.8375,0.0,bottom
LED65,216.875,-156.8375,0.0,bottom
LED66,235.925,-156.8375,0.0,bottom
LED67,254.975,-156.8375,0.0,bottom
LED68,274.025,-156.8375,0.0,bottom
LED69,293.075,-156.8375,0.0,bottom
LED7,150.2,-75.6375,0.0,bottom
LED70,321.65,-156.8375,0.0,bottom
LED71,350.225,-156.8375,0.0,bottom
LED72,85.90625,-175.8875,0.0,bottom
LED73,109.71875,-175.8875,0.0,bottom
LED74,133.53125,-175.8875,0.0,bottom
LED75,204.96875,-175.8875,0.0,bottom
LED76,274.025,-175.8875,0.0,bottom
LED77,293.075,-175.8875,0.0,bottom
LED78,312.125,-175.8875,0.0,bottom
LED79,331.175,-175.8875,0.0,bottom
LED8,169.25,-75.6375,0.0,bottom
LED80,350.225,-175.8875,0.0,bottom
LED81,369.275,-175.8875,0.0,bottom
LED82,371.75,-108.75,270.0,bottom
LED9,197.825,-75.6375,0.0,bottom
PC1,54.95,-117.8,0.0,bottom
PC2,43.0,-117.79,0.0,bottom
R1,61.25,-179.0,270.0,bottom
R10,41.0,-108.0,0.0,bottom
R11,47.75,-94.25,270.0,bottom
R12,46.5,-98.25,90.0,bottom
R13,47.75,-98.25,90.0,bottom
R14,39.75,-92.5,180.0,bottom
R15,41.75,-98.25,90.0,bottom
R16,39.75,-95.5,180.0,bottom
R17,39.75,-94.5,0.0,bottom
R18,39.75,-93.5,180.0,bottom
R19,48.0,-83.25,270.0,bottom
R2,32.25,-103.75,180.0,bottom
R20,50.0,-83.25,270.0,bottom
R21,51.0,-81.0,270.0,bottom
R22,47.0,-81.0,270.0,bottom
R23,101.351,-130.5,90.0,bottom
R3,36.75093,-170.631557,180.0,bottom
R4,59.25,-161.75,90.0,bottom
R5,32.25,-96.25,0.0,bottom
R6,52.084461,-161.75,270.0,bottom
R7,57.5,-115.0,0.0,bottom
R8,55.25,-99.0,90.0,bottom
R9,57.0,-98.5,0.0,bottom
S1,30.8,-100.0,270.0,bottom
S2,55.675,-161.249,0.0,bottom
S3,32.2,-91.0,90.0,bottom
SW1,350.225,-161.725,0.0,bottom
SW10,321.65,-161.725,0.0,bottom
SW11,338.31875,-142.675,0.0,bottom
SW12,307.3625,-142.675,0.0,bottom
SW13,302.6,-123.625,0.0,bottom
SW14,312.125,-104.575,0.0,bottom
SW15,321.65,-123.625,0.0,bottom
SW16,321.65,-80.525,0.0,bottom
SW17,274.025,-180.775,0.0,bottom
SW18,293.075,-180.775,0.0,bottom
SW19,288.3125,-142.675,0.0,bottom
SW2,331.175,-180.775,0.0,bottom
SW20,293.075,-161.725,0.0,bottom
SW21,302.6,-80.525,0.0,bottom
SW22,293.075,-104.575,0.0,bottom
SW23,283.55,-80.525,0.0,bottom
SW24,283.55,-123.625,0.0,bottom
SW25,274.025,-161.725,0.0,bottom
SW26,254.975,-161.725,0.0,bottom
SW27,269.2625,-142.675,0.0,bottom
SW28,250.2125,-142.675,0.0,bottom
SW29,254.975,-104.575,0.0,bottom
SW3,350.225,-180.775,0.0,bottom
SW30,264.5,-123.625,0.0,bottom
SW31,254.975,-80.525,0.0,bottom
SW32,274.025,-104.575,0.0,bottom
SW33,235.925,-161.725,0.0,bottom
SW34,231.1625,-142.675,0.0,bottom
SW35,245.45,-123.625,0.0,bottom
SW36,235.925,-80.525,0.0,bottom
SW37,235.925,-104.575,0.0,bottom
SW38,216.875,-80.525,0.0,bottom
SW39,216.875,-104.575,0.0,bottom
SW4,369.275,-180.775,0.0,bottom
SW40,226.4,-123.625,0.0,bottom
SW41,216.875,-161.725,0.0,bottom
SW42,204.96875,-180.775,0.0,bottom
SW43,212.1125,-142.675,0.0,bottom
SW44,197.825,-161.725,0.0,bottom
SW45,193.0625,-142.675,0.0,bottom
SW46,207.35,-123.625,0.0,bottom
SW47,197.825,-104.575,0.0,bottom
SW48,197.825,-80.525,0.0,bottom
SW49,178.775,-161.725,0.0,bottom
SW5,369.275,-80.525,0.0,bottom
SW50,174.0125,-142.675,0.0,bottom
SW51,188.3,-123.625,0.0,bottom
SW52,178.775,-104.575,0.0,bottom
SW53,169.25,-80.525,0.0,bottom
SW54,150.2,-80.525,0.0,bottom
SW55,159.725,-104.575,0.0,bottom
SW56,169.25,-123.625,0.0,bottom
SW57,159.725,-161.725,0.0,bottom
SW58,140.675,-161.725,0.0,bottom
SW59,154.9625,-142.675,0.0,bottom
SW6,340.7,-80.525,0.0,bottom
SW60,135.9125,-142.675,0.0,bottom
SW61,131.15,-123.625,0.0,bottom
SW62,131.15,-80.525,0.0,bottom
SW63,140.675,-104.575,0.0,bottom
SW64,150.2,-123.625,0.0,bottom
SW65,109.71875,-180.775,0.0,bottom
SW66,121.625,-161.725,0.0,bottom
SW67,116.8625,-142.675,0.0,bottom
SW68,133.53125,-180.775,0.0,bottom
SW69,121.625,-104.575,0.0,bottom
SW7,340.7,-104.575,0.0,bottom
SW70,112.1,-123.625,0.0,bottom
SW71,102.575,-104.575,0.0,bottom
SW72,112.1,-80.525,0.0,bottom
SW73,85.90625,-180.775,0.0,bottom
SW74,93.05,-161.725,0.0,bottom
SW75,90.66875,-142.675,0.0,bottom
SW76,88.2875,-123.625,0.0,bottom
SW77,83.525,-104.575,0.0,bottom
SW78,83.525,-80.525,0.0,bottom
SW8,345.4625,-123.625,0.0,bottom
SW9,312.125,-180.775,0.0,bottom
T1,362.75,-135.75,270.0,bottom
T2,278.8,-135.75,270.0,bottom
T3,221.65,-135.75,270.0,bottom
T4,164.5,-135.75,270.0,bottom
T5,107.35,-135.75,270.0,bottom
U1,49.0,-173.8,180.0,bottom
U2,55.0,-95.0,0.0,bottom
U3,43.0,-105.0,90.0,bottom
U4,43.0,-95.0,270.0,bottom
U5,49.0,-81.0,270.0,bottom
U6,55.0,-105.0,0.0,bottom
